{"noiseKey":{"private":{"type":"Buffer","data":"MALtwVIPUFeYwT3+w4xc/EHhg+Q/oZvDCW6VOR+A21M="},"public":{"type":"Buffer","data":"MqH43kcYawgi3pL8cReacPzohKi1OqEkV51QAj1Lx28="}},"pairingEphemeralKeyPair":{"private":{"type":"Buffer","data":"AD3oGeb2XaRm0Q7EwpxgjmggVn4vx6qqzgnFRR/cj3s="},"public":{"type":"Buffer","data":"KiQu/AJZU8OW8lv4Zl3TE9coEljEmNcd5W59E7axDVY="}},"signedIdentityKey":{"private":{"type":"Buffer","data":"AALJOtjc68+sHVJUbVc6FPZC8CSzwcn6ohQRY5oi82M="},"public":{"type":"Buffer","data":"qmPFH52VQU9mj/aK0/3f4y6Bngz7viscTrfeE2U3MEk="}},"signedPreKey":{"keyPair":{"private":{"type":"Buffer","data":"kETC5sjaleppGSOn7QmifNpzuOUTF6+BDB9CA2MmGHQ="},"public":{"type":"Buffer","data":"95qsSf3JZElZ8/BHZjdWt+9rw4TOY4wC3T8qvNKnXH8="}},"signature":{"type":"Buffer","data":"/jl8xL3YltkzjPOiC0f+/jL/eEUmpOFRrCaKA6cEp+kl96X9mbmksGuxNjI/g6q34yxxMgogoK6VNJgMou8Viw=="},"keyId":1},"registrationId":140,"advSecretKey":"xQAuFt4x8UfKe8A/x2wLQu/xomLvHzZt6f3KP9G+ebU=","processedHistoryMessages":[],"nextPreKeyId":817,"firstUnuploadedPreKeyId":817,"accountSyncCounter":0,"accountSettings":{"unarchiveChats":false},"registered":true,"pairingCode":"QCD7R8SL","me":{"id":"573164431472:10@s.whatsapp.net","lid":"51252515872944:10@lid","name":"</> Souza"},"account":{"details":"CM6jtqAFEN+AncwGGAEgACgA","accountSignatureKey":"qQUU0AvilvDjIrh9Pp6P72Wc14Z/+T7VU7UZtImIPmg=","accountSignature":"TAKPXau5tFlE3lF8Aj+ebAFpC43JDp0kP37o9mg29PHwDxWgsqExJj8NosEIavfhXT2mefWOydufaQe4OktSAQ==","deviceSignature":"mWKTDOEnpLGQU01oybX9nk6NzpJRdZiRl5LRzbBFbUhEynIeh0BL2wMgAbiDdL/eTPxgrGafGVallVqTXoinhA=="},"signalIdentities":[{"identifier":{"name":"51252515872944:10@lid","deviceId":0},"identifierKey":{"type":"Buffer","data":"BakFFNAL4pbw4yK4fT6ej+9lnNeGf/k+1VO1GbSJiD5o"}}],"platform":"android","routingInfo":{"type":"Buffer","data":"CBIIAggF"},"lastAccountSyncTimestamp":1770471943,"lastPropHash":"2V77qU","myAppStateKeyId":"AAAAAFzF"}